{"timings": [{"dd_key1_key2": {"DD.i.e": 0.5423424243927002, "DD.period.t": 0.39461207389831543, "DD.a.n": 0.2119286060333252, "DD.n.l": 0.21369051933288574, "DD.5.R": 0.9713878631591797, "DD.R.o": 0.6464071273803711, "DD.l.Return": 0.2726914882659912, "DD.o.a": 0.12112736701965332, "DD.t.i": 0.09079670906066895, "DD.e.5": 0.6171739101409912}, "password_entry_count": 1, "ud_key1_key2": {"UD.R.o": 0.7403008937835693, "UD.period.t": 0.46355772018432617, "UD.e.5": 0.706531286239624, "UD.o.a": 0.2106482982635498, "UD.5.R": 1.0729296207427979, "UD.i.e": 0.6133294105529785, "UD.n.l": 0.2918717861175537, "UD.t.i": 0.1916956901550293, "UD.a.n": 0.3189125061035156, "UD.l.Return": 0.35913944244384766}, "hold_time": {"5": 0.10154175758361816, "t": 0.10089898109436035, "period": 0.06894564628601074, "a": 0.10698390007019043, "e": 0.08935737609863281, "l": 0.08644795417785645, "R": 0.09389376640319824, "o": 0.08952093124389648, "i": 0.07098698616027832, "n": 0.07818126678466797, "Return": 0.00012731552124023438}}, {"dd_key1_key2": {"DD.i.e": 0.4536421298980713, "DD.period.t": 0.4721555709838867, "DD.a.n": 0.13258981704711914, "DD.n.l": 0.20562386512756348, "DD.5.R": 0.950040340423584, "DD.R.o": 0.5905630588531494, "DD.l.Return": 0.448042631149292, "DD.o.a": 0.14561104774475098, "DD.t.i": 0.10518336296081543, "DD.e.5": 0.386138916015625}, "password_entry_count": 2, "ud_key1_key2": {"UD.R.o": 0.6782679557800293, "UD.period.t": 0.5345859527587891, "UD.e.5": 0.48986005783081055, "UD.o.a": 0.24067330360412598, "UD.5.R": 1.0289125442504883, "UD.i.e": 0.5224006175994873, "UD.n.l": 0.26018595695495605, "UD.t.i": 0.20631957054138184, "UD.a.n": 0.24298310279846191, "UD.l.Return": 0.5244722366333008}, "hold_time": {"5": 0.0788722038269043, "t": 0.1011362075805664, "period": 0.062430381774902344, "a": 0.11039328575134277, "e": 0.10372114181518555, "l": 0.07642960548400879, "R": 0.08770489692687988, "o": 0.095062255859375, "i": 0.06875848770141602, "n": 0.05456209182739258, "Return": 0.00027751922607421875}}, {"dd_key1_key2": {"DD.i.e": 0.6504628658294678, "DD.period.t": 0.4106099605560303, "DD.a.n": 0.1231381893157959, "DD.n.l": 0.17890357971191406, "DD.5.R": 0.9483945369720459, "DD.R.o": 0.5592312812805176, "DD.l.Return": 0.3138313293457031, "DD.o.a": 0.1319136619567871, "DD.t.i": 0.1302030086517334, "DD.e.5": 0.8392753601074219}, "password_entry_count": 3, "ud_key1_key2": {"UD.R.o": 0.6206958293914795, "UD.period.t": 0.4785897731781006, "UD.e.5": 0.950263500213623, "UD.o.a": 0.21423840522766113, "UD.5.R": 1.0509371757507324, "UD.i.e": 0.7215175628662109, "UD.n.l": 0.23987865447998047, "UD.t.i": 0.2255711555480957, "UD.a.n": 0.23853683471679688, "UD.l.Return": 0.3931088447570801}, "hold_time": {"5": 0.10254263877868652, "t": 0.0953681468963623, "period": 0.06797981262207031, "a": 0.11539864540100098, "e": 0.11098814010620117, "l": 0.07927751541137695, "R": 0.061464548110961914, "o": 0.08232474327087402, "i": 0.07105469703674316, "n": 0.060975074768066406, "Return": 0.0002799034118652344}}, {"dd_key1_key2": {"DD.i.e": 0.3515748977661133, "DD.period.t": 0.4246954917907715, "DD.a.n": 0.12171506881713867, "DD.n.l": 0.20390939712524414, "DD.5.R": 0.8496308326721191, "DD.R.o": 0.5669913291931152, "DD.l.Return": 0.40576863288879395, "DD.o.a": 0.14805364608764648, "DD.t.i": 0.15903949737548828, "DD.e.5": 0.5211567878723145}, "password_entry_count": 4, "ud_key1_key2": {"UD.R.o": 0.6560230255126953, "UD.period.t": 0.5013444423675537, "UD.e.5": 0.6271467208862305, "UD.o.a": 0.22614097595214844, "UD.5.R": 0.9574260711669922, "UD.i.e": 0.43598055839538574, "UD.n.l": 0.2716221809387207, "UD.t.i": 0.25339412689208984, "UD.a.n": 0.23340773582458496, "UD.l.Return": 0.47846126556396484}, "hold_time": {"5": 0.10779523849487305, "t": 0.09435462951660156, "period": 0.07664895057678223, "a": 0.11169266700744629, "e": 0.10598993301391602, "l": 0.0726926326751709, "R": 0.08903169631958008, "o": 0.07808732986450195, "i": 0.08440566062927246, "n": 0.06771278381347656, "Return": 0.0001919269561767578}}, {"dd_key1_key2": {"DD.i.e": 0.37984609603881836, "DD.period.t": 0.36100053787231445, "DD.a.n": 0.18410730361938477, "DD.n.l": 0.23394131660461426, "DD.5.R": -4.783676385879517, "DD.R.o": 6.489029169082642, "DD.l.Return": 0.36087512969970703, "DD.o.a": 0.11966896057128906, "DD.t.i": 0.14750218391418457, "DD.e.5": 1.2657554149627686}, "password_entry_count": 5, "ud_key1_key2": {"UD.R.o": 0.7134852409362793, "UD.period.t": 0.43140721321105957, "UD.e.5": 1.378180980682373, "UD.o.a": 0.21416807174682617, "UD.5.R": -4.716434955596924, "UD.i.e": 0.46080636978149414, "UD.n.l": 0.3100101947784424, "UD.t.i": 0.25632452964782715, "UD.a.n": 0.2960083484649658, "UD.l.Return": 0.4428138732910156}, "hold_time": {"5": 0.06724143028259277, "t": 0.10882234573364258, "period": 0.07040667533874512, "a": 0.11190104484558105, "e": 0.11242556571960449, "l": 0.0819387435913086, "R": -5.775543928146362, "o": 0.09449911117553711, "i": 0.08096027374267578, "n": 0.07606887817382812, "Return": 6.175041198730469e-05}}]}
