{"timings": [{"dd_key1_key2": {"DD.R.o": 0.6228823661804199, "DD.e.5": 0.389941930770874, "DD.n.l": 0.1966547966003418, "DD.t.i": 0.13222908973693848, "DD.o.a": 0.14103055000305176, "DD.l.Return": 0.23436522483825684, "DD.a.n": 0.08865118026733398, "DD.i.e": 0.4250495433807373, "DD.5.R": 0.7921607494354248, "DD.period.t": 0.4240715503692627}, "password_entry_count": 1, "ud_key1_key2": {"UD.t.i": 0.2127375602722168, "UD.l.Return": 0.3058030605316162, "UD.n.l": 0.25151872634887695, "UD.period.t": 0.4950401782989502, "UD.R.o": 0.7203271389007568, "UD.5.R": 0.9390439987182617, "UD.a.n": 0.19704556465148926, "UD.e.5": 0.4755575656890869, "UD.o.a": 0.2162630558013916, "UD.i.e": 0.4996938705444336}, "hold_time": {"5": 0.14688324928283691, "a": 0.10839438438415527, "o": 0.07523250579833984, "e": 0.08561563491821289, "period": 0.0709686279296875, "i": 0.07464432716369629, "l": 0.07143783569335938, "R": 0.09744477272033691, "t": 0.08050847053527832, "n": 0.054863929748535156, "Return": 4.2438507080078125e-05}}, {"dd_key1_key2": {"DD.R.o": 0.5557169914245605, "DD.e.5": 0.3248145580291748, "DD.n.l": 0.19800400733947754, "DD.t.i": 0.19006967544555664, "DD.o.a": 0.1541578769683838, "DD.l.Return": 0.24019932746887207, "DD.a.n": 0.0778956413269043, "DD.i.e": 0.28851866722106934, "DD.5.R": 0.7628772258758545, "DD.period.t": 0.3382267951965332}, "password_entry_count": 2, "ud_key1_key2": {"UD.t.i": 0.2799344062805176, "UD.l.Return": 0.3097662925720215, "UD.n.l": 0.26811671257019043, "UD.period.t": 0.4126403331756592, "UD.R.o": 0.6339859962463379, "UD.5.R": 0.8583025932312012, "UD.a.n": 0.20219898223876953, "UD.e.5": 0.4229252338409424, "UD.o.a": 0.23305130004882812, "UD.i.e": 0.3646433353424072}, "hold_time": {"5": 0.09542536735534668, "a": 0.12430334091186523, "o": 0.07889342308044434, "e": 0.09811067581176758, "period": 0.07441353797912598, "i": 0.07612466812133789, "l": 0.06956696510314941, "R": 0.07826900482177734, "t": 0.08986473083496094, "n": 0.07011270523071289, "Return": 0.0002295970916748047}}, {"dd_key1_key2": {"DD.R.o": 0.6576008796691895, "DD.e.5": 0.5143368244171143, "DD.n.l": 0.20832228660583496, "DD.t.i": 0.2205507755279541, "DD.o.a": 0.14039397239685059, "DD.l.Return": 0.24022555351257324, "DD.a.n": 0.13561153411865234, "DD.i.e": 0.32712841033935547, "DD.5.R": 0.8152167797088623, "DD.period.t": 0.3548307418823242}, "password_entry_count": 3, "ud_key1_key2": {"UD.t.i": 0.33600568771362305, "UD.l.Return": 0.30623483657836914, "UD.n.l": 0.29158782958984375, "UD.period.t": 0.4354836940765381, "UD.R.o": 0.7184047698974609, "UD.5.R": 0.9500212669372559, "UD.a.n": 0.24576139450073242, "UD.e.5": 0.6159944534301758, "UD.o.a": 0.24426722526550293, "UD.i.e": 0.39820241928100586}, "hold_time": {"5": 0.13480448722839355, "a": 0.11014986038208008, "o": 0.10387325286865234, "e": 0.10165762901306152, "period": 0.08065295219421387, "i": 0.07107400894165039, "l": 0.0660092830657959, "R": 0.060803890228271484, "t": 0.11545491218566895, "n": 0.08326554298400879, "Return": 0.0002779960632324219}}, {"dd_key1_key2": {"DD.R.o": 0.5446774959564209, "DD.e.5": 0.42777061462402344, "DD.n.l": 0.2223062515258789, "DD.t.i": 0.15442180633544922, "DD.o.a": 0.12756586074829102, "DD.l.Return": 0.2451305389404297, "DD.a.n": 0.08922195434570312, "DD.i.e": 0.3618943691253662, "DD.5.R": 0.740424633026123, "DD.period.t": 0.37323737144470215}, "password_entry_count": 4, "ud_key1_key2": {"UD.t.i": 0.26599693298339844, "UD.l.Return": 0.30649876594543457, "UD.n.l": 0.2905728816986084, "UD.period.t": 0.4525721073150635, "UD.R.o": 0.6353659629821777, "UD.5.R": 0.8569316864013672, "UD.a.n": 0.19225263595581055, "UD.e.5": 0.5237665176391602, "UD.o.a": 0.21159696578979492, "UD.i.e": 0.42807650566101074}, "hold_time": {"5": 0.11650705337524414, "a": 0.10303068161010742, "o": 0.0840311050415039, "e": 0.09599590301513672, "period": 0.07933473587036133, "i": 0.06618213653564453, "l": 0.06136822700500488, "R": 0.09068846702575684, "t": 0.11157512664794922, "n": 0.06826663017272949, "Return": 5.841255187988281e-05}}, {"dd_key1_key2": {"DD.R.o": 0.5866453647613525, "DD.e.5": 0.401766300201416, "DD.n.l": 0.258620023727417, "DD.t.i": 0.15542006492614746, "DD.o.a": 0.14888501167297363, "DD.l.Return": 0.26128554344177246, "DD.a.n": 0.10932683944702148, "DD.i.e": 0.36978769302368164, "DD.5.R": 0.6878318786621094, "DD.period.t": 0.3193979263305664}, "password_entry_count": 5, "ud_key1_key2": {"UD.t.i": 0.2602241039276123, "UD.l.Return": 0.31258726119995117, "UD.n.l": 0.3217144012451172, "UD.period.t": 0.40569496154785156, "UD.R.o": 0.6648316383361816, "UD.5.R": 0.8143529891967773, "UD.a.n": 0.2553577423095703, "UD.e.5": 0.5146806240081787, "UD.o.a": 0.22954750061035156, "UD.i.e": 0.44152235984802246}, "hold_time": {"5": 0.12652111053466797, "a": 0.14603090286254883, "o": 0.08066248893737793, "e": 0.1129143238067627, "period": 0.08629703521728516, "i": 0.07173466682434082, "l": 0.05130171775817871, "R": 0.0781862735748291, "t": 0.10480403900146484, "n": 0.0630943775177002, "Return": 9.083747863769531e-05}}], "user": "nilesh"}