{"user": "NileshPrasad", "timings": [{"ud_key1_key2": {"UD.a.n": 0.28525876998901367, "UD.R.o": 0.7691061496734619, "UD.l.Return": 0.3108944892883301, "UD.e.5": 0.5329592227935791, "UD.n.l": 0.2894747257232666, "UD.period.t": 0.4561500549316406, "UD.i.e": 0.6823227405548096, "UD.t.i": 0.19698762893676758, "UD.5.R": 1.9195959568023682, "UD.o.a": 0.20086383819580078}, "dd_key1_key2": {"DD.i.e": 0.609860897064209, "DD.a.n": 0.1719987392425537, "DD.e.5": 0.4228038787841797, "DD.period.t": 0.37859010696411133, "DD.n.l": 0.2222602367401123, "DD.t.i": 0.09634971618652344, "DD.o.a": 0.12270474433898926, "DD.5.R": 1.8282008171081543, "DD.l.Return": 0.24339056015014648, "DD.R.o": 0.6450436115264893}, "hold_time": {"Return": 0.00028133392333984375, "o": 0.07815909385681152, "period": 0.0775599479675293, "e": 0.11015534400939941, "l": 0.0675039291381836, "n": 0.0672144889831543, "5": 0.09139513969421387, "i": 0.07246184349060059, "R": 0.12406253814697266, "t": 0.10063791275024414, "a": 0.11326003074645996}, "password_entry_count": 1}, {"ud_key1_key2": {"UD.a.n": 0.21768426895141602, "UD.R.o": 0.6143496036529541, "UD.l.Return": 0.36150360107421875, "UD.e.5": 0.48408079147338867, "UD.n.l": 0.3082578182220459, "UD.period.t": 0.45005249977111816, "UD.i.e": 0.38133931159973145, "UD.t.i": 0.28071165084838867, "UD.5.R": 0.842491865158081, "UD.o.a": 0.22502565383911133}, "dd_key1_key2": {"DD.i.e": 0.3127613067626953, "DD.a.n": 0.10306644439697266, "DD.e.5": 0.38414502143859863, "DD.period.t": 0.366746187210083, "DD.n.l": 0.2480165958404541, "DD.t.i": 0.18495845794677734, "DD.o.a": 0.1484203338623047, "DD.5.R": 0.7310364246368408, "DD.l.Return": 0.29459190368652344, "DD.R.o": 0.521310567855835}, "hold_time": {"Return": 0.0002760887145996094, "o": 0.07660531997680664, "period": 0.08330631256103516, "e": 0.09993577003479004, "l": 0.06691169738769531, "n": 0.0602412223815918, "5": 0.11145544052124023, "i": 0.06857800483703613, "R": 0.09303903579711914, "t": 0.09575319290161133, "a": 0.11461782455444336}, "password_entry_count": 2}, {"ud_key1_key2": {"UD.a.n": 0.2182445526123047, "UD.R.o": 0.6418843269348145, "UD.l.Return": 0.3833036422729492, "UD.e.5": 0.9324719905853271, "UD.n.l": 0.30774569511413574, "UD.period.t": 0.4184246063232422, "UD.i.e": 0.387054443359375, "UD.t.i": 0.2665731906890869, "UD.5.R": 0.8961491584777832, "UD.o.a": 0.22439289093017578}, "dd_key1_key2": {"DD.i.e": 0.3084449768066406, "DD.a.n": 0.1083223819732666, "DD.e.5": 0.8199560642242432, "DD.period.t": 0.34433603286743164, "DD.n.l": 0.22713947296142578, "DD.t.i": 0.18198490142822266, "DD.o.a": 0.13815617561340332, "DD.5.R": 0.8044464588165283, "DD.l.Return": 0.3120999336242676, "DD.R.o": 0.5655832290649414}, "hold_time": {"Return": 4.756918907165527, "o": 0.08623671531677246, "period": 0.07408857345581055, "e": 0.11251592636108398, "l": 0.07120370864868164, "n": 0.08060622215270996, "5": 0.09170269966125488, "i": 0.07860946655273438, "R": 0.07630109786987305, "t": 0.08458828926086426, "a": 0.10992217063903809}, "password_entry_count": 3}, {"ud_key1_key2": {"UD.a.n": 0.23029851913452148, "UD.R.o": 0.6823720932006836, "UD.l.Return": 0.2945291996002197, "UD.e.5": 0.616445779800415, "UD.n.l": 0.3232154846191406, "UD.period.t": 0.4941127300262451, "UD.i.e": 0.4484517574310303, "UD.t.i": 0.22537946701049805, "UD.5.R": 0.6365277767181396, "UD.o.a": 0.2511265277862549}, "dd_key1_key2": {"DD.i.e": 0.37810850143432617, "DD.a.n": 0.09955024719238281, "DD.e.5": 0.5103669166564941, "DD.period.t": 0.40927934646606445, "DD.n.l": 0.2504746913909912, "DD.t.i": 0.12447500228881836, "DD.o.a": 0.1683034896850586, "DD.5.R": 0.5619606971740723, "DD.l.Return": 0.21157169342041016, "DD.R.o": 0.5911028385162354}, "hold_time": {"Return": 0.0003821849822998047, "o": 0.08282303810119629, "period": 0.08483338356018066, "e": 0.1060788631439209, "l": 0.08295750617980957, "n": 0.07274079322814941, "5": 0.07456707954406738, "i": 0.0703432559967041, "R": 0.09126925468444824, "t": 0.10090446472167969, "a": 0.13074827194213867}, "password_entry_count": 4}, {"ud_key1_key2": {"UD.a.n": 0.24692320823669434, "UD.R.o": 0.6553514003753662, "UD.l.Return": 0.2930290699005127, "UD.e.5": 0.47377753257751465, "UD.n.l": 0.2944207191467285, "UD.period.t": 0.46100831031799316, "UD.i.e": 0.40115928649902344, "UD.t.i": 0.23708367347717285, "UD.5.R": 0.5279929637908936, "UD.o.a": 0.2285168170928955}, "dd_key1_key2": {"DD.i.e": 0.32081151008605957, "DD.a.n": 0.10175943374633789, "DD.e.5": 0.37300777435302734, "DD.period.t": 0.38013434410095215, "DD.n.l": 0.22896528244018555, "DD.t.i": 0.14150047302246094, "DD.o.a": 0.16246700286865234, "DD.5.R": 0.44690561294555664, "DD.l.Return": 0.21759557723999023, "DD.R.o": 0.5736565589904785}, "hold_time": {"Return": 0.00022411346435546875, "o": 0.06604981422424316, "period": 0.08087396621704102, "e": 0.1007697582244873, "l": 0.07543349266052246, "n": 0.06545543670654297, "5": 0.08108735084533691, "i": 0.08034777641296387, "R": 0.0816948413848877, "t": 0.09558320045471191, "a": 0.14516377449035645}, "password_entry_count": 5}]}